{
    "name": "Cabride",
    "code": "cabride",
    "version": "1.5.2",
    "category": "contact",
    "model": "Cabride_Model_Cabride",
    "desktop_uri": "cabride/application/",
    "routes": [
        {
            "root": true,
            "state": "cabride-home",
            "controller": "CabrideHome",
            "url": "cabride/mobile_home/index",
            "template": "l1/home.html",
            "cache": false
        },
        {
            "state": "cabride-my-rides",
            "controller": "CabrideMyRides",
            "url": "cabride/mobile_my_rides/index",
            "template": "l1/my-rides.html",
            "cache": false
        },
        {
            "state": "cabride-my-payments",
            "controller": "CabrideMyPayments",
            "url": "cabride/mobile_my_payments/index",
            "template": "l1/my-payments.html",
            "cache": false
        },
        {
            "state": "cabride-pending-requests",
            "controller": "CabridePendingRequests",
            "url": "cabride/mobile_pending_requests/index",
            "template": "l1/pending-requests.html",
            "cache": false
        },
        {
            "state": "cabride-accepted-requests",
            "controller": "CabrideAcceptedRequests",
            "url": "cabride/mobile_accepted_requests/index",
            "template": "l1/accepted-requests.html",
            "cache": false
        },
        {
            "state": "cabride-completed-rides",
            "controller": "CabrideCompletedRides",
            "url": "cabride/mobile_completed_rides/index",
            "template": "l1/completed-rides.html",
            "cache": false
        },
        {
            "state": "cabride-cancelled",
            "controller": "CabrideCancelled",
            "url": "cabride/mobile_cancelled_requests/index",
            "template": "l1/cancelled.html",
            "cache": false
        },
        {
            "state": "cabride-vehicle-information",
            "controller": "CabrideVehicleInformation",
            "url": "cabride/mobile_vehicle_information/index",
            "template": "l1/vehicle-information.html",
            "cache": false
        },
        {
            "state": "cabride-payment-history",
            "controller": "CabridePaymentHistory",
            "url": "cabride/mobile_payment_history/index",
            "template": "l1/payment-history.html",
            "cache": false
        },
        {
            "state": "cabride-signup-passenger",
            "controller": "CabrideHome",
            "url": "cabride/mobile_signup_passenger",
            "template": "l1/home.html",
            "cache": false
        },
        {
            "state": "cabride-signup-driver",
            "controller": "CabrideHome",
            "url": "cabride/mobile_signup_driver",
            "template": "l1/home.html",
            "cache": false
        }
    ],
    "layouts": [
        1
    ],
    "icons": [
        "icons/cabride1-flat.png",
        "icons/cabride2-flat.png",
        "icons/cabride3-flat.png"
    ],
    "files": [
        "js/services/cabride-socket.js",
        "js/services/cabride-payment.js",
        "js/factory/cabride.js",
        "js/factory/cabride-utils.js",
        "js/filters/cabride-status-filter.js",
        "js/controllers/cabride-accepted-requests.js",
        "js/controllers/cabride-cancelled.js",
        "js/controllers/cabride-completed-rides.js",
        "js/controllers/cabride-contextual-menu-controller.js",
        "js/controllers/cabride-home.js",
        "js/controllers/cabride-my-payments.js",
        "js/controllers/cabride-my-rides.js",
        "js/controllers/cabride-payment-history.js",
        "js/controllers/cabride-payment-type.js",
        "js/controllers/cabride-pending-requests.js",
        "js/controllers/cabride-vehicle-information.js",
        "js/controllers/cabride-vehicle-type.js",
        "js/controllers/request-cancel-controller.js",
        "js/controllers/request-details-controller.js",
        "js/controllers/request-rate-controller.js",
        "scss/cabride.scss"
    ],
    "compile": true,
    "use_account": true,
    "only_once": true,
    "load_on_start": true,
    "on_start_factory": "Cabride"
}
